Date,Status,Team,Event Name,Audience,Lead Contact,Location,Notes
2026-07-08,,📧,CTE-LL Coordinator Convening 📧,CTE-LL Coordinators,"ELIAS, MICHELLE",Conf Rm 02-131,Wednesday meeting series
2026-07-22,,📧,MiSIS Tagging Training CTE-LL Staff only,Internal CTE-LL staff,,,
2026-07-24,Hold,💰,Clearpoint MOS Q4 Data & 2025-26 EOY Update - DUE,Internal CTE-LL staff,"KASAMANYAN, HOVIK",,Final Q4 report and End of Year. Need to confirm if Clearpoint continues.
2026-07-29:2026-07-30,,📰🐦▶️,Counseling PD (Completion and DE),Counselors,,,
2026-07-31,,🧰,"New CTE Teacher Onboarding, Orientation & Wellness",New CTE Teachers,,,
2026-07-31,,💰,Strategic Goals Narrative Due,Internal CTE-LL staff,,,
2026-08-03:2026-08-05,Hold,▶️,PBL 101 Training LL & GSPP,LL Leads,"GERTNER, BEN",,
2026-08-03:2026-08-05,Hold,▶️,Linked Learning Onboarding Day 1-3,LL Leads,"GERTNER, BEN",,
2026-08-05,,📧,CTE-LL Coordinator Convening 📧,CTE-LL Coordinators,"ELIAS, MICHELLE",Conf Rm 02-201,Wednesday meeting series
2026-08-06:2026-08-07,,🐦,DOI CTE Teacher PD,CTE Teachers,"PURI, SEEMA",Location TBD,
2026-08-13,,📧,Staff Strength Training,Internal CTE-LL staff,"ELIAS, MICHELLE",,
2026-08-14,,▶️,ILT Meeting,,"DABAGYAN, ESTHER",27-145,
2026-08-14,Confirmed,💰,SWP Budget Modifications Due,Internal CTE-LL staff,"KASAMANYAN, HOVIK",,
2026-08-15,,🏫,New CTE Teacher & Mentor PD,New CTE Teachers,,,
2026-08-19,,📧,Monthly Birthday Celebration (July & August) 🎂,Internal CTE-LL staff,Esther/Justin,,
2026-08-19,,🧰,Student Career Navigation Workshop w/ Indeed,Students,,,
2026-08-19,,▶️,LL Team Meeting — School Site ▶️,LL Leads,"GERTNER, BEN",School Site (TBD),Wednesday meeting series
2026-08-21,,📧,Strength Training All Teams PD,Internal CTE-LL staff,,,
2026-08-24,Confirmed,💰,GSPP Annual Project Expenditure Report,Internal CTE-LL staff,"KASAMANYAN, HOVIK",,
2026-08-24,,🏫,LAUSD/EnCorps Mentor Mentee Training Program Launch (Zoom),Mentors,,,
2026-08-26,,🧰,Standards for Career Ready Practice PBL Series,CTE Teachers,,,
2026-08-26:2026-08-27,,🏫,Cognitive Coaching Mentors (Days 1 & 2),Mentors,,,
2026-08-26,,▶️,LL Team Meeting — School Site ▶️,LL Leads,"GERTNER, BEN",School Site (TBD),Wednesday meeting series
2026-08-27,,📧,All Staff Meeting #1,Internal CTE-LL staff,,,
2026-08-28,,💰,CAI Quarterly Report Due,Internal CTE-LL staff,"KASAMANYAN, HOVIK",,Cancel. Grant no longer awarded to us
2026-08-28,Confirmed,💰,SWP Quarterly Report Due,Internal CTE-LL staff,"KASAMANYAN, HOVIK",,
2026-08-29,,🐦,CTE Teacher PD,CTE Teachers,"PURI, SEEMA",,
2026-08-31,,💰,Perkins Final Claim FY25,Internal CTE-LL staff,,,
2026-08-31,Confirmed,💰,K12 SWP Pathway Coordinator work plan certified in NOVA,Internal CTE-LL staff,"KASAMANYAN, HOVIK",,
2026-09-02,,📧,CTE-LL Coordinator Convening 📧,CTE-LL Coordinators,"ELIAS, MICHELLE",Beaudry — Room TBD,Wednesday meeting series
2026-09-08,Hold,💰,CTEIG Rd 11 Application Due,Internal CTE-LL staff,"KASAMANYAN, HOVIK",,Rescheduled CTEIG release since RFA moved up to May.
2026-09-08,,🏫,Perkins Orientation Mtg 4:00-5:00,,,,Rescheduled from 09/07/2026 (Labor Day)
2026-09-09,,🏫,New CTE Teacher & Mentor PD (In-Person),New CTE Teachers,,,
2026-09-09,,🏫,Perkins Orientation Mtg 4:00-5:00,,,,
2026-09-09,,▶️,LL Team Meeting — School Site ▶️,LL Leads,"GERTNER, BEN",School Site (TBD),Wednesday meeting series
2026-09-10,,🏫,Perkins Orientation Mtg 4:00-5:00,,,,
2026-09-11,,▶️,ILT Meeting,,"DABAGYAN, ESTHER",27-145,
2026-09-15,,💰,CTEIG Rd. 10 Board Mtg Approval,Internal CTE-LL staff,,,
2026-09-16,,🐦,Pathway Connect AME PMA,CTE Teachers,"PURI, SEEMA",,PMA teachers only
2026-09-16,,▶️,LL Team Meeting — School Site ▶️,LL Leads,"GERTNER, BEN",School Site (TBD),Wednesday meeting series
2026-09-17,Confirmed,▶️,School Redesign Grant Demonstration Site Visit,LL Leads,"GERTNER, BEN",,
2026-09-17,,📧,Monthly Birthday Celebration 🎂,Internal CTE-LL staff,Michelle,,
2026-09-19,Confirmed,▶️,LL Microcredential #1,LL Leads,"LE, NANCY",,
2026-09-23,,🧰,Standards for Career Ready Practice PBL Series,CTE Teachers,,,
2026-09-23,,▶️,Coach/Advisor Collaboration ▶️,LL Coaches,"GERTNER, BEN",School Site (separate),Wednesday meeting series
2026-09-24,Confirmed,▶️,LL Leads PD,LL Leads,"GERTNER, BEN",,
2026-09-25,,📰,CTE Advisor Meeting,CTE Advisors,,,
2026-09-26,,🐦,CTE Teacher PD,CTE Teachers,"PURI, SEEMA",,
2026-09-28:2026-09-29,,🏫,Cognitive Coaching Mentors (Days 3 & 4),Mentors,,,
2026-09-29,,💰,Perkins Q1 Budget Revision,Internal CTE-LL staff,,,
2026-09-29,Confirmed,💰,SWP 5 Final Report & Invoice Due,Internal CTE-LL staff,"KASAMANYAN, HOVIK",,
2026-09-30,,▶️,LL Team Meeting — School Site ▶️,LL Leads,"GERTNER, BEN",School Site (TBD),Wednesday meeting series
2026-10-01,Confirmed,📗,Work Readiness Training 101 8:30-3:30 pm,WBL Coordinators,,,
2026-10-02,,▶️,ILT Meeting,,"DABAGYAN, ESTHER",27-145,
2026-10-03,Hold,🏫,MVP College Day,,"PRICE, TOMOKO",,
2026-10-05:2026-10-07,,📧,MiSIS Tagging School Training,Schools,,,
2026-10-07,,📧,CTE-LL Coordinator Convening 📧,CTE-LL Coordinators,"ELIAS, MICHELLE",Beaudry — Room TBD,Wednesday meeting series
2026-10-09,Hold,💰,K12-SWP Applications Due,Internal CTE-LL staff,"KASAMANYAN, HOVIK",,
2026-10-10,Confirmed,📗,Work Readiness Training 201 (virtual) 9:00-12:00 pm,WBL Coordinators,,,
2026-10-14,,📧,Monthly Birthday Celebration 🎂,Internal CTE-LL staff,Nancy/Tomoko DE,,
2026-10-14,,▶️,LL Team Meeting — School Site ▶️,LL Leads,"GERTNER, BEN",School Site (TBD),Wednesday meeting series
2026-10-15,Confirmed,📗,Work Readiness Training 101 8:30-3:30 pm,WBL Coordinators,,,
2026-10-15,,📰,CTE Advisor Meeting,CTE Advisors,,,
2026-10-17,,🐦,CTE Teacher PD,CTE Teachers,"PURI, SEEMA",,
2026-10-21,,🐦,Pathway Connect AME DVMA,CTE Teachers,"PURI, SEEMA",,DVMA teachers only
2026-10-21,,🧰,Standards for Career Ready Practice PBL Series,CTE Teachers,,,
2026-10-21:2026-10-23,,▶️,LL Conference,LL Teachers,"GERTNER, BEN",,Approval of conference attendance is pending lifting of travel moratorium
2026-10-21,,▶️,LL Team Meeting — School Site ▶️,LL Leads,"GERTNER, BEN",School Site (TBD),Wednesday meeting series
2026-10-22,,📗,VNY Airport Career Day,Students,"ELIAS, MICHELLE",,Annual field trip
2026-10-23,,▶️,ILT Meeting,,"DABAGYAN, ESTHER",27-145,
2026-10-24,,💰,Clearpoint MOS Q1 Data Due,Internal CTE-LL staff,"KASAMANYAN, HOVIK",,Need to confirm if Clearpoint continues.
2026-10-28,,▶️,Coach/Advisor Collaboration ▶️,LL Coaches,"GERTNER, BEN",School Site (separate),Wednesday meeting series
2026-10-29,Confirmed,▶️,LL Leads PD,LL Leads,"GERTNER, BEN",,
2026-10-29,,📗,LAX Airport Career Day,Students,"ELIAS, MICHELLE",,Annual field trip
2026-10-29,,💰,Perkins Q1 Claim,Internal CTE-LL staff,,,
2026-10-31,Confirmed,💰,CalPass+ Data Reports Due,Internal CTE-LL staff,"KASAMANYAN, HOVIK",,
2026-10-31,Confirmed,📗,Work Readiness Training 201 (virtual) 9:00-12:00 pm,WBL Coordinators,,,
2026-11-01,,🏫,LAMC 3rd CTE Symposium,,"PRICE, TOMOKO",,
2026-11-04,,🧰,CSUN/LAUSD HSMT Symposium (Region North - Patient Care),CTE Teachers,,,
2026-11-04,,🧰,PBL Connect follow-up PD,CTE Teachers,,,
2026-11-04:2026-11-05,,🏫,Cognitive Coaching Mentors (Days 5 & 6),Mentors,,,
2026-11-04,,📧,CTE-LL Coordinator Convening 📧,CTE-LL Coordinators,"ELIAS, MICHELLE",Beaudry — Room TBD,Wednesday meeting series
2026-11-07,Confirmed,📗,Work Readiness Training 101 8:30-3:30 pm,WBL Coordinators,,,
2026-11-07,Confirmed,▶️,LL Microcredential #2,LL Leads,,,
2026-11-07,,🏫,New CTE Teacher & Mentor PD (virtual),New CTE Teachers,,,
2026-11-12,,📧,Monthly Birthday Celebration 🎂,Internal CTE-LL staff,Ben,,Rescheduled from 11/11/2026 (Veterans Day)
2026-11-13,,▶️,ILT Meeting,,"DABAGYAN, ESTHER",27-145,
2026-11-14,,🐦,CTE Teacher PD,CTE Teachers,"PURI, SEEMA",,
2026-11-18,,🐦,Pathway Connect PerfArts,CTE Teachers,"PURI, SEEMA",,Performing Arts teachers only
2026-11-18,,🧰,Standards for Career Ready Practice PBL Series,CTE Teachers,,,
2026-11-18:2026-11-20,,📰,CTE Conference,CTE Teachers,,,
2026-11-18,,▶️,LL Team Meeting — School Site ▶️,LL Leads,"GERTNER, BEN",School Site (TBD),Wednesday meeting series
2026-11-19,,▶️,School Redesign Grant Demonstration Site Visit,LL Leads,,,
2026-11-25,,▶️,LL Team Meeting — School Site ▶️,LL Leads,"GERTNER, BEN",School Site (TBD),Wednesday meeting series
2026-11-30,,🏫,Post Secondary Surveys Start,Schools,,,
2026-12-01,,📧,Mock Interviews,Students,,,
2026-12-02:2026-12-03,,🏫,Cognitive Coaching Mentors (Days 7 & 8),Mentors,,,
2026-12-02,,📧,CTE-LL Coordinator Convening 📧,CTE-LL Coordinators,"ELIAS, MICHELLE",Beaudry — Room TBD,Wednesday meeting series
2026-12-04,,▶️,ILT Meeting,,"DABAGYAN, ESTHER",27-145,
2026-12-07,,📧,MiSIS Tagging Refresher,Internal CTE-LL staff,,,
2026-12-09,,📧,Monthly Birthday Celebration 🎂,Internal CTE-LL staff,Judy,,
2026-12-09,,🧰,Standards for Career Ready Practice PBL Series,CTE Teachers,,,
2026-12-09:2026-12-10,,🏫,Cognitive Coaching Mentors (Days 5 & 6),Mentors,,,
2026-12-09,,▶️,LL Team Meeting — School Site ▶️,LL Leads,"GERTNER, BEN",School Site (TBD),Wednesday meeting series
2026-12-11,,🧰,LAUSD/CSUN Healthcare Symposium (Patient Care) - Teacher Summit (TENTATIVE),CTE Teachers,,,
2026-12-12,,🐦,CTE Teacher PD,CTE Teachers,"PURI, SEEMA",,
2026-12-16,,📧,CTE-LL All Staff #2,Internal CTE-LL staff,,,
2026-12-16,,▶️,Coach/Advisor Collaboration ▶️,LL Coaches,"GERTNER, BEN",School Site (separate),Wednesday meeting series
2026-12-18,,💰,Perkins Q2 Budget Revision,Internal CTE-LL staff,,,
2027-01-13,,📧,CTE-LL Coordinator Convening 📧,CTE-LL Coordinators,"ELIAS, MICHELLE",Beaudry — Room TBD,Wednesday meeting series
2027-01-15,,▶️,ILT Meeting,,"DABAGYAN, ESTHER",27-145,
2027-01-20,,📧,Monthly Birthday Celebration 🎂,Internal CTE-LL staff,Esther/Justin,,
2027-01-20,,▶️,LL Team Meeting — School Site ▶️,LL Leads,"GERTNER, BEN",School Site (TBD),Wednesday meeting series
2027-01-23,,🐦,CTE Teacher PD,CTE Teachers,"PURI, SEEMA",,
2027-01-23,Confirmed,▶️,LL Microcredential #3,LL Leads,,,
2027-01-24,,💰,Clearpoint MOS Q2 Data Due,Internal CTE-LL staff,"KASAMANYAN, HOVIK",,Need to confirm if Clearpoint continues.
2027-01-27,,🧰,Standards for Career Ready Practice PBL Series,CTE Teachers,,,
2027-01-27,,▶️,LL Team Meeting — School Site ▶️,LL Leads,"GERTNER, BEN",School Site (TBD),Wednesday meeting series
2027-01-28,Confirmed,▶️,LL Leads PD,LL Leads,"GERTNER, BEN",,
2027-01-29,Confirmed,💰,Budget Development/Positions FY27,Internal CTE-LL staff,"KASAMANYAN, HOVIK",,Budget development deadline moved up to Jan
2027-01-30,Confirmed,💰,Final CTEIG Expenditure Rpt Due,Internal CTE-LL staff,"KASAMANYAN, HOVIK",,
2027-01-30,,💰,Perkins Q2 Claim,Internal CTE-LL staff,,,
2027-02-02,,📧,Mock Interviews,Students,,,
2027-02-03,,📧,CTE-LL Coordinator Convening 📧,CTE-LL Coordinators,"ELIAS, MICHELLE",Beaudry — Room TBD,Wednesday meeting series
2027-02-05,,▶️,ILT Meeting,,"DABAGYAN, ESTHER",27-145,
2027-02-05,,📧,CTE-LL All Staff 3,Internal CTE-LL staff,,,
2027-02-10,,🐦,Pathway Connect - HSMT Biotech,CTE Teachers,"PURI, SEEMA",,HSMT Biotech teachers only
2027-02-10,,📧,Monthly Birthday Celebration 🎂,Internal CTE-LL staff,Donna,,
2027-02-10,,▶️,LL Team Meeting — School Site ▶️,LL Leads,"GERTNER, BEN",School Site (TBD),Wednesday meeting series
2027-02-12,Confirmed,💰,SWP Budget Modifications Due,Internal CTE-LL staff,"KASAMANYAN, HOVIK",,
2027-02-17,,▶️,LL Team Meeting — School Site ▶️,LL Leads,"GERTNER, BEN",School Site (TBD),Wednesday meeting series
2027-02-18,,🐦,Pathway Connect - E-sports,CTE Teachers,,,
2027-02-20,,🐦,CTE Teacher PD,CTE Teachers,"PURI, SEEMA",,
2027-02-24,,🧰,Standards for Career Ready Practice PBL Series,CTE Teachers,,,
2027-02-24,,▶️,Coach/Advisor Collaboration ▶️,LL Coaches,"GERTNER, BEN",School Site (separate),Wednesday meeting series
2027-02-25,Confirmed,▶️,LL Leads PD,LL Leads,"GERTNER, BEN",,
2027-02-26,,🧰,LAUSD/CSUN Healthcare Symposium (All Regions - Biotech & Mental Health) - TENTATIVE,CTE Teachers,,,
2027-02-27,,💰,Postsecondary Data Due,Internal CTE-LL staff,,,
2027-02-27,Confirmed,💰,SWP Quarterly Reports Due,Internal CTE-LL staff,"KASAMANYAN, HOVIK",,
2027-02-28:2027-03-02,,📰,Educating for Careers Conference,CTE Teachers,,,
2027-03-01,,💰,CTE Postsecondary Data Due,Internal CTE-LL staff,,,
2027-03-01,,💰,Inventory Instructions Released,Internal CTE-LL staff,,,
2027-03-01,,🏫,LAMC Spring to STEM,,"PRICE, TOMOKO",,
2027-03-02,,📧,Mock Interviews,Students,,,
2027-03-03,,🏫,New CTE Teacher & Mentor PD (In-Person),New CTE Teachers,,,
2027-03-03,,📧,CTE-LL Coordinator Convening 📧,CTE-LL Coordinators,"ELIAS, MICHELLE",Beaudry — Room TBD,Wednesday meeting series
2027-03-04,Confirmed,▶️,School Redesign Grant Demonstration Site Visit,LL Leads,"GERTNER, BEN",,
2027-03-04,,📗,Youth at Work: Safety Training with LOHP UC Berkeley,Students,,,
2027-03-05,Hold,📰,Dual Enrollment Symposium,,"PRICE, TOMOKO",,Need to confirm date with Counseling
2027-03-06,,🏫,New CTE Teacher & Mentor PD (virtual),New CTE Teachers,,,
2027-03-06,Confirmed,▶️,LL Microcredential #4,LL Leads,,,
2027-03-10,,📧,Monthly Birthday Celebration 🎂,Internal CTE-LL staff,,,
2027-03-10,,▶️,LL Team Meeting — School Site ▶️,LL Leads,"GERTNER, BEN",School Site (TBD),Wednesday meeting series
2027-03-11,,🏫,JA Inspire 2027,Students,,,
2027-03-12,,▶️,ILT Meeting,,"DABAGYAN, ESTHER",27-145,
2027-03-13,,🐦,CTE Teacher Wellness Retreat,CTE Teachers,,,
2027-03-13,,🐦,CTE Teacher PD,CTE Teachers,"PURI, SEEMA",,
2027-03-17,,🐦,Pathway Connect HSMT PatCare,CTE Teachers,"PURI, SEEMA",,HSMT Patient Care teachers only
2027-03-17,,▶️,Coach/Advisor Collaboration ▶️,LL Coaches,"GERTNER, BEN",School Site (separate),Wednesday meeting series
2027-03-18,,▶️,LL Leads PD,LL Leads,,,
2027-03-29,,💰,Perkins Q3 Budget Revision,Internal CTE-LL staff,,,
2027-03-29,,🏫,CTE-Linked Learning Showcase & Advisory Mtg,CTE-LL Students & Industry Partners,,,Rescheduled from 03/23/2027 (Spring recess)
2027-03-29,,🧰,Standards for Career Ready Practice PBL Series,CTE Teachers,,,Rescheduled from 03/24/2027 (Spring recess)
2027-03-29:2027-03-30,,📧,Mock Interviews,Students,,,
2027-04-02,,▶️,ILT Meeting,,"DABAGYAN, ESTHER",27-145,
2027-04-05,,💰,CTE Equipment Inventory Starts,Internal CTE-LL staff,,,
2027-04-07,,📧,Monthly Birthday Celebration 🎂,Internal CTE-LL staff,Hovik G&F,,
2027-04-07,,📧,CTE-LL Coordinator Convening 📧,CTE-LL Coordinators,"ELIAS, MICHELLE",Beaudry — Room TBD,Wednesday meeting series
2027-04-08,,📗,4th Annual ABOTA @ LA Superior Court,Students,"ELIAS, MICHELLE",,Annual field trip
2027-04-12,,🧰,Defined Learning Micro-Credential Training Kick-Off,CTE Teachers,,,
2027-04-14,,▶️,LL Team Meeting — School Site ▶️,LL Leads,"GERTNER, BEN",School Site (TBD),Wednesday meeting series
2027-04-16,,💰,Final Procurement Purchases,Internal CTE-LL staff,,,
2027-04-16,,🧰,LAUSD/CSUN Healthcare Teacher & Faculty Summit,CTE Teachers,,,
2027-04-16,,🏫,ELAC CTE Day,Students,"PRICE, TOMOKO",,CTE student field trip to ELAC. Date needs to be confirmed
2027-04-17,,🐦,CTE Teacher PD,CTE Teachers,"PURI, SEEMA",,
2027-04-21,,🧰,Standards for Career Ready Practice PBL Series,CTE Teachers,,,
2027-04-21,,▶️,LL Team Meeting — School Site ▶️,LL Leads,"GERTNER, BEN",School Site (TBD),Wednesday meeting series
2027-04-22,Confirmed,▶️,LL Leads PD,LL Leads,"GERTNER, BEN",,
2027-04-22,Hold,📗,Educators of Tomorrow Hiring Event (to be confirmed),CTE Teachers,"LE, NANCY",,
2027-04-23,,▶️,ILT Meeting,,"DABAGYAN, ESTHER",,
2027-04-24,,💰,Clearpoint MOS Q3 Data Due,Internal CTE-LL staff,"KASAMANYAN, HOVIK",,
2027-04-24,Confirmed,▶️,LL Microcredential #5,LL Leads,,,
2027-04-28,,▶️,LL Team Meeting — School Site ▶️,LL Leads,"GERTNER, BEN",School Site (TBD),Wednesday meeting series
2027-04-29,,💰,Perkins Q3 Claim,Internal CTE-LL staff,,,
2027-04-30,Confirmed,💰,GSPP final payment 15%,Internal CTE-LL staff,"KASAMANYAN, HOVIK",,
2027-05-04,,📧,Mock Interviews,Students,,,
2027-05-05,,📧,CTE-LL Coordinator Convening 📧,CTE-LL Coordinators,"ELIAS, MICHELLE",Beaudry — Room TBD,Wednesday meeting series
2027-05-07,,🧰,Defined Learning Micro-Credential Training,CTE Teachers,,,
2027-05-12,,📧,Monthly Birthday Celebration 🎂,Internal CTE-LL staff,Seema,,
2027-05-12,,▶️,LL Team Meeting — School Site ▶️,LL Leads,"GERTNER, BEN",School Site (TBD),Wednesday meeting series
2027-05-14,,▶️,ILT Meeting,,"DABAGYAN, ESTHER",27-145,
2027-05-15,,🐦,CTE Teacher PD,CTE Teachers,"PURI, SEEMA",,
2027-05-19,,💰,GSPP Annual Data Due,Internal CTE-LL staff,,,
2027-05-19,,▶️,LL Team Meeting — School Site ▶️,LL Leads,"GERTNER, BEN",School Site (TBD),Wednesday meeting series
2027-05-26,,🧰,Standards for Career Ready Practice PBL Series Culmination,CTE Teachers,,,
2027-05-26,,▶️,Coach/Advisor Collaboration ▶️,LL Coaches,"GERTNER, BEN",School Site (separate),Wednesday meeting series
2027-05-28,,🧰,Defined Learning Micro-Credential Training,CTE Teachers,,,
2027-05-28,,💰,Grant Funded Inventory Due,Internal CTE-LL staff,,,
2027-05-29,,🏫,New CTE Teacher & Mentor PD Finale (In-Person),New CTE Teachers,,,
2027-06-01,,🧰,2026 Mentor-Mentee Interdisciplinary CTE Pathways Collaborative PBL Showcase,CTE Teachers,,,Rescheduled from 05/31/2027 (Memorial Day)
2027-06-01,,📧,Mock Interviews,Students,,,
2027-06-02,,📧,CTE-LL Coordinator Convening 📧,CTE-LL Coordinators,"ELIAS, MICHELLE",Beaudry — Room TBD,Wednesday meeting series
2027-06-04,,▶️,ILT Meeting,,"DABAGYAN, ESTHER",27-145,
2027-06-04,,📧,CTE-LL All Staff Meeting #4,Internal CTE-LL staff,,,
2027-06-04,,🧰,Defined Learning Micro-Credential Training,CTE Teachers,,,
2027-06-05,,🐦,CTE Teacher PD,CTE Teachers,"PURI, SEEMA",,
2027-06-11,,🧰,New CTE Enrichment Day,CTE Teachers,,,
2027-06-11,Confirmed,💰,SWP Budget Modifications Due,Internal CTE-LL staff,"KASAMANYAN, HOVIK",,
2027-06-14:2027-06-16,,🐦,PBL Pilot Cohort 2 PD,CTE Teachers,,,
2027-06-16,,📧,Monthly Birthday Celebration 🎂,Internal CTE-LL staff,Mike Golden,,
2027-06-25,,▶️,ILT Meeting,,"DABAGYAN, ESTHER",27-145,
2027-06-28,,🧰,Defined Learning Micro-Credential Training,CTE Teachers,,,
2027-06-29,,📰,CPA CAPAAR Reports Due,Internal CTE-LL staff,,,
2027-06-29,,💰,GSPP Planning Grant Ends. Supplemental Rpt (Appx E) & Budget for Imp (Appx F2) Due,Internal CTE-LL staff,"KASAMANYAN, HOVIK",,Cancel - Planning Grant ended 6/30/26.
2027-06-29,,💰,Perkins Q4 Budget Revision,Internal CTE-LL staff,,,
2027-07-24,,💰,Clearpoint MOS Q4 Data & 2026-27 EOY Update - Due,Internal CTE-LL staff,"KASAMANYAN, HOVIK",,
2027-07-29,Confirmed,💰,K12 SWP Pathway Coordinator final expenditures and year-end survey,Internal CTE-LL staff,"KASAMANYAN, HOVIK",,
2027-07-29,,💰,Perkins FY26 Final Claim,Internal CTE-LL staff,,,
